SPIKE GLYCOPROTEIN MUTATION,RUN 50
Spike_A222V,6
Spike_A243del,3
Spike_A623V,1
Spike_D215N,2
Spike_D614G,47
Spike_D950N,47
Spike_E156G,47
Spike_E484A,2
Spike_E484K,1
Spike_F157del,47
Spike_H245Y,1
Spike_L244del,3
Spike_L452R,47
Spike_L5F,1
Spike_M153I,1
Spike_N185D,1
Spike_P174S,1
Spike_P681R,47
Spike_P863S,1
Spike_R158del,47
Spike_R765C,1
Spike_S254F,1
Spike_S255F,1
Spike_S680F,1
Spike_T19R,46
Spike_T385I,1
Spike_T478K,47
Spike_T678I,2
Spike_V1133F,1
Spike_V1264L,40
Spike_V16F,1
Spike_V705F,1
